{
   "_id": "630439e3818547e247f5aa3d",
   "algos": ["DRF", "GBM", "XGBoost", "GLM", "StackedEnsemble"],
   "attributes": {
     "Generalized Linear Model 1": {
       "cv_averages": {
         "auc": 0.825257362,
         "lift_top_group": 2.2901321599999998,
         "logloss": 0.48888567599999994,
         "mean_per_class_error": 0.21511627,
         "misclassification": 0.21403509
       },
       "cv_deviations": {
         "auc": 0.03528556115925289,
         "lift_top_group": 0.6529043413036051,
         "logloss": 0.03473366501537353,
         "mean_per_class_error": 0.023618301935536355,
         "misclassification": 0.026951395897863998
       },
       "feature_explanations": [],
       "holdout_scores": {
         "auc": 0.9004255319148936,
         "lift_top_group": 2.88,
         "logloss": 0.37999926483000573,
         "mean_per_class_error": 0.10127659574468086,
         "misclassification": 0.08333333333333337
       },
       "model_id": "630439e8ed266c3d7b2f83f5",
       "name": "Generalized Linear Model 1",
       "validation_scores": {
         "auc": 0.9078014184397163,
         "lift_top_group": 2.9583333333333335,
         "logloss": 0.37622956971998983,
         "mean_per_class_error": 0.12632978723404253,
         "misclassification": 0.12676056338028174
       }
     },
     "Gradient Boosting Machine 1": {
       "cv_averages": {
         "auc": 0.835380432,
         "lift_top_group": 2.51813216,
         "logloss": 0.49399143600000006,
         "mean_per_class_error": 0.20098824999999998,
         "misclassification": 0.19473684
       },
       "cv_deviations": {
         "auc": 0.05356356624005628,
         "lift_top_group": 0.3313001870405364,
         "logloss": 0.0876548332464821,
         "mean_per_class_error": 0.03604548485721563,
         "misclassification": 0.04054112953222838
       },
       "feature_explanations": [],
       "holdout_scores": {
         "auc": 0.8527659574468085,
         "lift_top_group": 2.88,
         "logloss": 0.4506543736141079,
         "mean_per_class_error": 0.17063829787234042,
         "misclassification": 0.125
       },
       "model_id": "630439f6ed266c3d7b2f83f9",
       "name": "Gradient Boosting Machine 1",
       "validation_scores": {
         "auc": 0.8723404255319149,
         "lift_top_group": 2.9583333333333335,
         "logloss": 0.44824401089063626,
         "mean_per_class_error": 0.17952127659574468,
         "misclassification": 0.19718309859154926
       }
     },
     "Random Forest 1": {
       "cv_averages": {
         "auc": 0.843453988,
         "lift_top_group": 2.51813216,
         "logloss": 0.48562886799999994,
         "mean_per_class_error": 0.193015552,
         "misclassification": 0.178947368
       },
       "cv_deviations": {
         "auc": 0.04955177794314204,
         "lift_top_group": 0.3313001870405364,
         "logloss": 0.06849816311582856,
         "mean_per_class_error": 0.035871668480878555,
         "misclassification": 0.034018807109901655
       },
       "feature_explanations": [],
       "holdout_scores": {
         "auc": 0.8914893617021277,
         "lift_top_group": 2.88,
         "logloss": 0.4299377558965441,
         "mean_per_class_error": 0.15191489361702126,
         "misclassification": 0.125
       },
       "model_id": "630439f2ed266c3d7b2f83f7",
       "name": "Random Forest 1",
       "validation_scores": {
         "auc": 0.8838652482269503,
         "lift_top_group": 2.9583333333333335,
         "logloss": 0.43351452952189423,
         "mean_per_class_error": 0.1777482269503546,
         "misclassification": 0.14084507042253525
       }
     },
     "Random Forest 2": {
       "cv_averages": {
         "auc": 0.84505921,
         "lift_top_group": 2.21002404,
         "logloss": 0.479779282,
         "mean_per_class_error": 0.191240884,
         "misclassification": 0.187719298
       },
       "cv_deviations": {
         "auc": 0.043823908961118464,
         "lift_top_group": 0.37760287026507416,
         "logloss": 0.06438630286949029,
         "mean_per_class_error": 0.044951270697094474,
         "misclassification": 0.03621011555254603
       },
       "feature_explanations": [],
       "holdout_scores": {
         "auc": 0.8774468085106384,
         "lift_top_group": 2.88,
         "logloss": 0.4508743934819806,
         "mean_per_class_error": 0.14127659574468085,
         "misclassification": 0.11111111111111116
       },
       "model_id": "630439f2ed266c3d7b2f83f8",
       "name": "Random Forest 2",
       "validation_scores": {
         "auc": 0.8812056737588652,
         "lift_top_group": 2.9583333333333335,
         "logloss": 0.44435758160599437,
         "mean_per_class_error": 0.16799645390070922,
         "misclassification": 0.15492957746478875
       }
     },
     "Stacked Ensemble 1": {
       "cv_averages": {
         "auc": 0.849219222,
         "lift_top_group": 2.48923316,
         "logloss": 0.44721362200000003,
         "mean_per_class_error": 0.183799494,
         "misclassification": 0.185968262
       },
       "cv_deviations": {
         "auc": 0.04383202497905813,
         "lift_top_group": 0.16534426314331682,
         "logloss": 0.05129953510265152,
         "mean_per_class_error": 0.03525886599039487,
         "misclassification": 0.04025185341510197
       },
       "feature_explanations": [],
       "holdout_scores": {
         "auc": 0.8868085106382979,
         "lift_top_group": 2.88,
         "logloss": 0.39896273010783145,
         "mean_per_class_error": 0.15191489361702126,
         "misclassification": 0.125
       },
       "model_id": "630439f8ed266c3d7b2f83fa",
       "name": "Stacked Ensemble 1",
       "validation_scores": {
         "auc": 0.8953900709219859,
         "lift_top_group": 2.9583333333333335,
         "logloss": 0.4025181967455647,
         "mean_per_class_error": 0.1777482269503546,
         "misclassification": 0.14084507042253525
       }
     },
     "Stacked Ensemble 2": {
       "cv_averages": {
         "auc": 0.849186868,
         "lift_top_group": 2.48923316,
         "logloss": 0.44663623399999997,
         "mean_per_class_error": 0.18168125799999998,
         "misclassification": 0.182454118
       },
       "cv_deviations": {
         "auc": 0.04313417616282448,
         "lift_top_group": 0.16534426314331682,
         "logloss": 0.05217395025841289,
         "mean_per_class_error": 0.03812469131716683,
         "misclassification": 0.04488989921970706
       },
       "feature_explanations": [],
       "holdout_scores": {
         "auc": 0.883404255319149,
         "lift_top_group": 2.88,
         "logloss": 0.39959925619944375,
         "mean_per_class_error": 0.15191489361702126,
         "misclassification": 0.125
       },
       "model_id": "630439fbed266c3d7b2f83fb",
       "name": "Stacked Ensemble 2",
       "validation_scores": {
         "auc": 0.8936170212765957,
         "lift_top_group": 2.9583333333333335,
         "logloss": 0.40163761479427795,
         "mean_per_class_error": 0.14804964539007093,
         "misclassification": 0.16901408450704225
       }
     },
     "XGBoost 1": {
       "cv_averages": {
         "auc": 0.8462527999999999,
         "lift_top_group": 2.51813216,
         "logloss": 0.45909429,
         "mean_per_class_error": 0.18831113400000002,
         "misclassification": 0.178947366
       },
       "cv_deviations": {
         "auc": 0.04283318280174844,
         "lift_top_group": 0.3313001870405364,
         "logloss": 0.04609573980255007,
         "mean_per_class_error": 0.04010515478680296,
         "misclassification": 0.04354271348421575
       },
       "feature_explanations": [],
       "holdout_scores": {
         "auc": 0.8706382978723405,
         "lift_top_group": 2.88,
         "logloss": 0.40412231796577935,
         "mean_per_class_error": 0.1425531914893617,
         "misclassification": 0.125
       },
       "model_id": "630439eced266c3d7b2f83f6",
       "name": "XGBoost 1",